{"cameraMode":{"drawMode":0,"name":"Shaded","section":"Shading Mode"},"sceneLighting":true,"audioPlay":false,"sceneViewState":{"m_AlwaysRefresh":false,"showFog":true,"showSkybox":true,"showFlares":true,"showImageEffects":true,"showParticleSystems":true,"showVisualEffectGraphs":true,"m_FxEnabled":true},"in2DMode":false,"pivot":{"x":3.2636451721191408,"y":6.339138031005859,"z":207.8418731689453},"rotation":{"x":-0.019009482115507127,"y":0.9782472252845764,"z":-0.17832393944263459,"w":-0.10428112745285034},"size":25.460142135620118,"orthographic":false}