{"cameraMode":{"drawMode":0,"name":"Shaded","section":"Shading Mode"},"sceneLighting":true,"audioPlay":false,"sceneViewState":{"m_AlwaysRefresh":false,"showFog":true,"showSkybox":true,"showFlares":true,"showImageEffects":true,"showParticleSystems":true,"showVisualEffectGraphs":true,"m_FxEnabled":true},"in2DMode":false,"pivot":{"x":-0.029999852180480958,"y":2.259709358215332,"z":-20.15496253967285},"rotation":{"x":0.6514310836791992,"y":0.006828367244452238,"z":-0.005862767808139324,"w":0.7586609721183777},"size":4.807567119598389,"orthographic":false}