{"cameraMode":{"drawMode":0,"name":"Shaded","section":"Shading Mode"},"sceneLighting":true,"audioPlay":false,"sceneViewState":{"m_AlwaysRefresh":false,"showFog":true,"showSkybox":true,"showFlares":true,"showImageEffects":true,"showParticleSystems":true,"showVisualEffectGraphs":true,"m_FxEnabled":true},"in2DMode":false,"pivot":{"x":0.09456725418567658,"y":4.111704349517822,"z":-11.703278541564942},"rotation":{"x":0.2906346321105957,"y":0.0071762022562325,"z":-0.0021798997186124326,"w":0.9568068981170654},"size":5.589274883270264,"orthographic":false}