{"cameraMode":{"drawMode":0,"name":"Shaded","section":"Shading Mode"},"sceneLighting":true,"audioPlay":false,"sceneViewState":{"showFog":true,"showMaterialUpdate":false,"showSkybox":true,"showFlares":true,"showImageEffects":true,"showParticleSystems":true},"in2DMode":false,"pivot":{"x":18.919414520263673,"y":-6.752964019775391,"z":19.073230743408204},"rotation":{"x":-0.4730418920516968,"y":-0.4067857265472412,"z":0.2612508237361908,"w":-0.7365548610687256},"size":19.100204467773439,"orthographic":false}