{"cameraMode":{"drawMode":0,"name":"Shaded","section":"Shading Mode"},"sceneLighting":false,"audioPlay":false,"sceneViewState":{"showFog":true,"showMaterialUpdate":false,"showSkybox":false,"showFlares":true,"showImageEffects":true,"showParticleSystems":true},"in2DMode":false,"pivot":{"x":0.428252637386322,"y":-0.02839711308479309,"z":0.14890137314796449},"rotation":{"x":-0.02891039475798607,"y":0.8225671648979187,"z":-0.04198736697435379,"w":-0.5663787722587586},"size":1.4768648147583008,"orthographic":false}