{"cameraMode":{"drawMode":0,"name":"Shaded","section":"Shading Mode"},"sceneLighting":false,"audioPlay":false,"sceneViewState":{"showFog":true,"showMaterialUpdate":false,"showSkybox":false,"showFlares":true,"showImageEffects":true,"showParticleSystems":true},"in2DMode":false,"pivot":{"x":1.5458271503448487,"y":-3.992013454437256,"z":-15.614469528198243},"rotation":{"x":-0.00714905234053731,"y":-0.9906158447265625,"z":0.12397301197052002,"w":-0.05712525174021721},"size":8.955374717712403,"orthographic":false}