{"cameraMode":{"drawMode":0,"name":"Shaded","section":"Shading Mode"},"sceneLighting":false,"audioPlay":false,"sceneViewState":{"showFog":true,"showMaterialUpdate":false,"showSkybox":false,"showFlares":true,"showImageEffects":true,"showParticleSystems":true},"in2DMode":false,"pivot":{"x":-0.009718477725982666,"y":1.1144883632659913,"z":4.093908309936523},"rotation":{"x":0.00016312215302605182,"y":0.9996221661567688,"z":-0.026996145024895669,"w":0.0059985266998410229},"size":1.6562917232513428,"orthographic":false}