{"cameraMode":{"drawMode":0,"name":"Shaded","section":"Shading Mode"},"sceneLighting":false,"audioPlay":false,"sceneViewState":{"showFog":true,"showMaterialUpdate":false,"showSkybox":false,"showFlares":true,"showImageEffects":true,"showParticleSystems":true},"in2DMode":false,"pivot":{"x":1.7236719131469727,"y":1.0708123445510865,"z":1.4522653818130494},"rotation":{"x":0.00016312215302605182,"y":0.9996221661567688,"z":-0.026996145024895669,"w":0.0059985266998410229},"size":1.709198236465454,"orthographic":false}