{"cameraMode":{"drawMode":0,"name":"Shaded","section":"Shading Mode"},"sceneLighting":true,"audioPlay":false,"sceneViewState":{"showFog":true,"showMaterialUpdate":false,"showSkybox":true,"showFlares":true,"showImageEffects":true,"showParticleSystems":true},"in2DMode":false,"pivot":{"x":24.678495407104493,"y":10.983513832092286,"z":79.0251693725586},"rotation":{"x":0.00016312215302605182,"y":0.9996221661567688,"z":-0.026996145024895669,"w":0.0059985266998410229},"size":6.279123306274414,"orthographic":false}