{"cameraMode":{"drawMode":0,"name":"Shaded","section":"Shading Mode"},"sceneLighting":true,"audioPlay":false,"sceneViewState":{"m_AlwaysRefresh":false,"showFog":true,"showSkybox":true,"showFlares":true,"showImageEffects":true,"showParticleSystems":true,"showVisualEffectGraphs":true,"m_FxEnabled":true},"in2DMode":false,"pivot":{"x":51.5059700012207,"y":6.669029235839844,"z":-20.06220054626465},"rotation":{"x":-0.008481279015541077,"y":0.7778156399726868,"z":0.010502241551876068,"w":0.6283600330352783},"size":12.099804878234864,"orthographic":false}