{"cameraMode":{"drawMode":0,"name":"Shaded","section":"Shading Mode"},"sceneLighting":true,"audioPlay":false,"sceneViewState":{"m_AlwaysRefresh":false,"showFog":true,"showSkybox":true,"showFlares":true,"showImageEffects":true,"showParticleSystems":true,"showVisualEffectGraphs":true,"m_FxEnabled":true},"in2DMode":false,"pivot":{"x":-2.7246642112731935,"y":1.394965410232544,"z":2.7015180587768556},"rotation":{"x":0.01256601419299841,"y":0.8474440574645996,"z":0.020080259069800378,"w":-0.5303595066070557},"size":2.5161430835723879,"orthographic":false}